-- 장르 데이터
INSERT INTO public.genre (id, created_at, updated_at, is_deleted, name)
VALUES ('017f20d0-4f3c-8f4d-9e15-7ff0c3a876d1', '2024-08-04 00:00:00', '2024-08-04 00:00:00', false,
        'rock'),
       ('017f20d0-4f3c-8f4d-9e15-7ff0c3a876d2', '2024-08-04 00:00:00', '2024-08-04 00:00:00', false,
        'hiphop'),
       ('017f20d0-4f3c-8f4d-9e15-7ff0c3a876d3', '2024-08-04 00:00:00', '2024-08-04 00:00:00', false,
        'band'),
       ('017f20d0-4f3c-8f4d-9e15-7ff0c3a876d4', '2024-08-04 00:00:00', '2024-08-04 00:00:00', false,
        'jpop'),
       ('017f20d0-4f3c-8f4d-9e15-7ff0c3a876d5', '2024-08-04 00:00:00', '2024-08-04 00:00:00', false,
        'pop'),
       ('017f20d0-4f3c-8f4d-9e15-7ff0c3a876d6', '2024-08-04 00:00:00', '2024-08-04 00:00:00', false,
        'house'),
       ('017f20d0-4f3c-8f4d-9e15-7ff0c3a876d7', '2024-08-04 00:00:00', '2024-08-04 00:00:00', false,
        'edm'),
       ('017f20d0-4f3c-8f4d-9e15-7ff0c3a876d8', '2024-08-04 00:00:00', '2024-08-04 00:00:00', false,
        'musical'),
       ('017f20d0-4f3c-8f4d-9e15-7ff0c3a876d9', '2024-08-04 00:00:00', '2024-08-04 00:00:00', false,
        'rnb'),
       ('017f20d0-4f3c-8f4d-9e15-7ff0c3a876da', '2024-08-04 00:00:00', '2024-08-04 00:00:00', false,
        'opera'),
       ('017f20d0-4f3c-8f4d-9e15-7ff0c3a876db', '2024-08-04 00:00:00', '2024-08-04 00:00:00', false,
        'metal'),
       ('017f20d0-4f3c-8f4d-9e15-7ff0c3a876dc', '2024-08-04 00:00:00', '2024-08-04 00:00:00', false,
        'classic'),
       ('017f20d0-4f3c-8f4d-9e15-7ff0c3a876dd', '2024-08-04 00:00:00', '2024-08-04 00:00:00', false,
        'jazz');

-- 아티스트
insert into public.artist (id, created_at, updated_at, is_deleted, name, image, spotify_id)
values  ('01937cf1-1ddf-9bea-0437-6e1238cf5809', '2024-11-30 20:59:56.938', '2024-11-30 20:59:56.938', false, 'Post Malone', 'https://i.scdn.co/image/ab6761610000f178e17c0aa1714a03d62b5ce4e0', '246dkjvS1zLTtiykXe5h60'),
        ('01937cf1-1ddf-9bea-0437-6e1238cf580a', '2024-11-30 20:59:56.944', '2024-11-30 20:59:56.944', false, 'Coldplay', 'https://i.scdn.co/image/ab6761610000f1781ba8fc5f5c73e7e9313cc6eb', '4gzpq5DPGxSnKTe4SA8HAU'),
        ('01937cf1-1ddf-9bea-0437-6e1238cf580b', '2024-11-30 20:59:56.946', '2024-11-30 20:59:56.946', false, 'Olivia Rodrigo', 'https://i.scdn.co/image/ab6761610000f178e03a98785f3658f0b6461ec4', '1McMsnEElThX1knmY4oliG'),
        ('01937cf1-1ddf-9bea-0437-6e1238cf580c', '2024-11-30 20:59:56.949', '2024-11-30 20:59:56.949', false, 'Bruno Mars', 'https://i.scdn.co/image/ab6761610000f178c36dd9eb55fb0db4911f25dd', '0du5cEVh5yTK9QJze8zA0C'),
        ('01937cf1-1ddf-9bea-0437-6e1238cf580d', '2024-11-30 20:59:56.951', '2024-11-30 20:59:56.951', false, 'AJR', 'https://i.scdn.co/image/ab6761610000f178e65fa0329c232ac6f5040f80', '6s22t5Y3prQHyaHWUN1R1C'),
        ('01940660-40db-689b-8b47-a6e706d394ad', '2024-12-27 13:29:18.966', '2024-12-27 13:29:18.966', false, 'The Evergreen Trio', 'https://i.scdn.co/image/ab67616d000048516907d59bb8774957fdcaca5c', '20vIrAPa9XfzrBf4z6H54v'),
        ('01940660-40db-689b-8b47-a6e706d394ae', '2024-12-27 13:29:18.980', '2024-12-27 13:29:18.980', false, 'SPYAIR', 'https://i.scdn.co/image/ab6761610000f17805f666b46dfb8a7a37390283', '7gRg6C2qgQ1F01k3sgyEVt'),
        ('01940660-40db-689b-8b47-a6e706d394af', '2024-12-27 13:29:18.987', '2024-12-27 13:29:18.987', false, 'ELLEGARDEN', 'https://i.scdn.co/image/ab6761610000f17874eee2af6bd02df43e9595cc', '3cbd5GWGOknxmFAe77MDbk'),
        ('01940660-40db-689b-8b47-a6e706d394b0', '2024-12-27 13:29:18.995', '2024-12-27 13:29:18.995', false, 'King Gizzard & The Lizard Wizard', 'https://i.scdn.co/image/ab6761610000f178ae21e90221e814c50033133a', '6XYvaoDGE0VmRt83Jss9Sn'),
        ('01940660-40db-689b-8b47-a6e706d394b1', '2024-12-27 13:29:19.010', '2024-12-27 13:29:19.010', false, 'Charlie Puth', 'https://i.scdn.co/image/ab6761610000f178d5594e3ae145bbb2c096366d', '6VuMaDnrHyPL1p4EHjYLi7'),
        ('01940660-40db-689b-8b47-a6e706d394b2', '2024-12-27 13:29:19.016', '2024-12-27 13:29:19.016', false, 'Taylor Swift', 'https://i.scdn.co/image/ab6761610000f178e672b5f553298dcdccb0e676', '06HL4z0CvFAxyc27GXpf02'),
        ('01940660-40db-689b-8b47-a6e706d394b3', '2024-12-27 13:29:19.020', '2024-12-27 13:29:19.020', false, 'The Weeknd', 'https://i.scdn.co/image/ab6761610000f1789e528993a2820267b97f6aae', '1Xyo4u8uXC1ZmMpatF05PJ'),
        ('01940660-40db-689b-8b47-a6e706d394b4', '2024-12-27 13:29:19.024', '2024-12-27 13:29:19.024', false, 'Justin Bieber', 'https://i.scdn.co/image/ab6761610000f1788ae7f2aaa9817a704a87ea36', '1uNFoZAHBGtllmzznpCI3s'),
        ('01940660-40db-689b-8b47-a6e706d394b5', '2024-12-27 13:29:19.028', '2024-12-27 13:29:19.028', false, 'Olivia Dean', 'https://i.scdn.co/image/ab6761610000f178f2f4aa5e873acfe27b190915', '00x1fYSGhdqScXBRpSj3DW'),
        ('01940660-40db-689b-8b47-a6e706d394b6', '2024-12-27 13:29:19.032', '2024-12-27 13:29:19.032', false, 'Sammy Virji', 'https://i.scdn.co/image/ab6761610000f17843c436dd4582521e601f8099', '1GuqTQbuixFHD6eBkFwVcb'),
        ('01940663-c2c3-528d-6e05-674786a9cfb7', '2024-12-27 13:33:08.812', '2024-12-27 13:33:08.812', false, 'Disclosure', 'https://i.scdn.co/image/ab6761610000f1783faf416d3be99d63fec18baa', '6nS5roXSAGhTGr34W6n7Et'),
        ('01940663-c2c3-528d-6e05-674786a9cfb8', '2024-12-27 13:33:08.829', '2024-12-27 13:33:08.829', false, 'Radiohead', 'https://i.scdn.co/image/ab6761610000f178a03696716c9ee605006047fd', '4Z8W4fKeB5YxbusRsdQVPb'),
        ('01940663-c2c3-528d-6e05-674786a9cfb9', '2024-12-27 13:33:08.835', '2024-12-27 13:33:08.835', false, 'Christopher', 'https://i.scdn.co/image/ab6761610000f178bac5615022cefc2ac72caec4', '3zDRCqOhJXJfS2YWOEwGMC'),
        ('01940663-c2c3-528d-6e05-674786a9cfba', '2024-12-27 13:33:08.842', '2024-12-27 13:33:08.842', false, 'The Strokes', 'https://i.scdn.co/image/ab6761610000f178c3b137793230f4043feb0089', '0epOFNiUfyON9EYx7Tpr6V'),
        ('01940663-c2c3-528d-6e05-674786a9cfbb', '2024-12-27 13:33:08.849', '2024-12-27 13:33:08.849', false, 'Benson Boone', 'https://i.scdn.co/image/ab6761610000f178d2b2a1cea3b6b44f4bae14b2', '22wbnEMDvgVIAGdFeek6ET'),
        ('01940663-c2c3-528d-6e05-674786a9cfbc', '2024-12-27 13:33:08.854', '2024-12-27 13:33:08.854', false, 'Ariana Grande', 'https://i.scdn.co/image/ab6761610000f17840b5c07ab77b6b1a9075fdc0', '66CXWjxzNUsdJxJ2JdwvnR'),
        ('01940663-c2c3-528d-6e05-674786a9cfbd', '2024-12-27 13:33:08.860', '2024-12-27 13:33:08.860', false, 'Conan Gray', 'https://i.scdn.co/image/ab6761610000f178cc2d67917c6dc6cdfd009964', '4Uc8Dsxct0oMqx0P6i60ea'),
        ('01940663-c2c3-528d-6e05-674786a9cfbe', '2024-12-27 13:33:08.867', '2024-12-27 13:33:08.867', false, 'Maroon 5', 'https://i.scdn.co/image/ab6761610000f178f8349dfb619a7f842242de77', '04gDigrS5kc9YWfZHwBETP'),
        ('01940663-c2c3-528d-6e05-674786a9cfbf', '2024-12-27 13:33:08.872', '2024-12-27 13:33:08.872', false, 'Imagine Dragons', 'https://i.scdn.co/image/ab6761610000f178ab47d8dae2b24f5afe7f9d38', '53XhwfbYqKCa1cC15pYq2q'),
        ('01940663-c2c3-528d-6e05-674786a9cfc0', '2024-12-27 13:33:08.877', '2024-12-27 13:33:08.877', false, 'YOASOBI', 'https://i.scdn.co/image/ab6761610000f178bfdd8a29d0c6bc6950055234', '64tJ2EAv1R6UaZqc4iOCyj'),
        ('01940668-aed7-a313-feb9-4d47a6d1aa2a', '2024-12-27 13:38:31.392', '2024-12-27 13:38:31.392', false, 'Lauv', 'https://i.scdn.co/image/ab6761610000f178b173d69f77530d77a991984f', '5JZ7CnR6gTvEMKX4g70Amv'),
        ('01940668-aed7-a313-feb9-4d47a6d1aa2b', '2024-12-27 13:38:31.403', '2024-12-27 13:38:31.403', false, 'LANY', 'https://i.scdn.co/image/ab6761610000f17890c77d2ffb0fe10130f03230', '49tQo2QULno7gxHutgccqF'),
        ('01940668-aed7-a313-feb9-4d47a6d1aa2c', '2024-12-27 13:38:31.412', '2024-12-27 13:38:31.412', false, 'HONNE', 'https://i.scdn.co/image/ab6761610000f178c19adef627892ffdee631d1a', '0Vw76uk7P8yVtTClWyOhac'),
        ('01940668-aed7-a313-feb9-4d47a6d1aa2d', '2024-12-27 13:38:31.419', '2024-12-27 13:38:31.419', false, 'Noel Gallagher''s High Flying Birds', 'https://i.scdn.co/image/ab6761610000f17821544d3b4e0a00d209f56743', '7sjttK1WcZeyLPn3IsQ62L'),
        ('01940668-aed7-a313-feb9-4d47a6d1aa2e', '2024-12-27 13:38:31.427', '2024-12-27 13:38:31.427', false, 'Green Day', 'https://i.scdn.co/image/ab6761610000f1786ff0cd5ef2ecf733804984bb', '7oPftvlwr6VrsViSDV7fJY'),
        ('01940668-aed7-a313-feb9-4d47a6d1aa2f', '2024-12-27 13:38:31.435', '2024-12-27 13:38:31.435', false, 'Måneskin', 'https://i.scdn.co/image/ab6761610000f17846d0db8a86fda630ec12401f', '0lAWpj5szCSwM4rUMHYmrr'),
        ('01940668-aed7-a313-feb9-4d47a6d1aa30', '2024-12-27 13:38:31.442', '2024-12-27 13:38:31.442', false, 'Yuuri', 'https://i.scdn.co/image/ab6761610000f1782f68be1a1a95221976c0fbba', '0ixzjrK1wkN2zWBXt3VW3W'),
        ('01940668-aed7-a313-feb9-4d47a6d1aa31', '2024-12-27 13:38:31.446', '2024-12-27 13:38:31.446', false, 'Travis', 'https://i.scdn.co/image/ab6761610000f17844b03604cc7e3271aa5dbad0', '3bUwxJgNakzYKkqAVgZLlh'),
        ('01940668-aed7-a313-feb9-4d47a6d1aa32', '2024-12-27 13:38:31.451', '2024-12-27 13:38:31.451', false, 'Mariah Carey', 'https://i.scdn.co/image/ab6761610000f17835c3eff5d73f7e20ba3c9a2e', '4iHNK0tOyZPYnBU7nGAgpQ'),
        ('01940668-aed7-a313-feb9-4d47a6d1aa33', '2024-12-27 13:38:31.457', '2024-12-27 13:38:31.457', false, 'ZUTOMAYO', 'https://i.scdn.co/image/ab6761610000f178b38a96d85b0580670123280e', '38WbKH6oKAZskBhqDFA8Uj'),
        ('0194066b-dfad-5cf5-b0bd-696a7f5d5292', '2024-12-27 13:42:00.502', '2024-12-27 13:42:00.502', false, 'ONE OK ROCK', 'https://i.scdn.co/image/ab6761610000f178fe5a99c098f41a6b93f0174b', '7k73EtZwoPs516ZxE72KsO'),
        ('0194066b-dfad-5cf5-b0bd-696a7f5d5293', '2024-12-27 13:42:00.510', '2024-12-27 13:42:00.510', false, 'New Hope Club', 'https://i.scdn.co/image/ab6761610000f178e0e31cef6d653fb5dd22f88f', '2WuKU0SYZOQyY3MmE4vtez'),
        ('0194066b-dfad-5cf5-b0bd-696a7f5d5294', '2024-12-27 13:42:00.520', '2024-12-27 13:42:00.520', false, 'Michael Bublé', 'https://i.scdn.co/image/ab6761610000f178ecf79fd5be85dabb0f489107', '1GxkXlMwML1oSg5eLPiAz3'),
        ('0194066b-dfad-5cf5-b0bd-696a7f5d5295', '2024-12-27 13:42:00.529', '2024-12-27 13:42:00.529', false, 'Justin Timberlake', 'https://i.scdn.co/image/ab6761610000f1787a5cfe2597665a3d160e805e', '31TPClRtHm23RisEBtV3X7'),
        ('0194066b-dfad-5cf5-b0bd-696a7f5d5296', '2024-12-27 13:42:00.535', '2024-12-27 13:42:00.535', false, 'WANIMA', 'https://i.scdn.co/image/ab6761610000f178c0361b64a1cdb23093c4ba82', '6YqdtpUutxodni6lUD4stM'),
        ('0194066b-dfad-5cf5-b0bd-696a7f5d5297', '2024-12-27 13:42:00.540', '2024-12-27 13:42:00.540', false, 'Fujii Kaze', 'https://i.scdn.co/image/ab6761610000f178c5a3e6e9027505f5cba5fdbc', '6bDWAcdtVR3WHz2xtiIPUi'),
        ('0194066b-dfad-5cf5-b0bd-696a7f5d5298', '2024-12-27 13:42:00.548', '2024-12-27 13:42:00.548', false, 'Reol', 'https://i.scdn.co/image/ab6761610000f178af9c2fbecf7ee2c8afad6583', '7rpKUJ0AnklJ8q9nIPVSpZ'),
        ('0194066b-dfae-01dd-baad-f7e7ef902f33', '2024-12-27 13:42:00.552', '2024-12-27 13:42:00.552', false, 'Jungle', 'https://i.scdn.co/image/ab6761610000f17821f6e9ccd576bb2ef541a3fe', '59oA5WbbQvomJz2BuRG071'),
        ('0194066b-dfae-01dd-baad-f7e7ef902f34', '2024-12-27 13:42:00.557', '2024-12-27 13:42:00.557', false, 'Nothing But Thieves', 'https://i.scdn.co/image/ab6761610000f178065faf07b0343e97bf3fba57', '1kDGbuxWknIKx4FlgWxiSp'),
        ('0194066b-dfae-01dd-baad-f7e7ef902f35', '2024-12-27 13:42:00.561', '2024-12-27 13:42:00.561', false, 'Jacob Collier', 'https://i.scdn.co/image/ab6761610000f1786b6a07bd9cceae9bd48be09b', '0QWrMNukfcVOmgEU0FEDyD'),
        ('0194066f-38e7-49c1-8e52-f073b65cd3b7', '2024-12-27 13:45:39.949', '2024-12-27 13:45:39.949', false, 'Noel Gallagher', 'https://i.scdn.co/image/490c1eb1dbd19caba0dfb9c9f6ebe09166100833', '6IRQd80VHepXiTXdmBzk6l'),
        ('0194066f-38e7-49c1-8e52-f073b65cd3b8', '2024-12-27 13:45:39.970', '2024-12-27 13:45:39.970', false, 'Lana Del Rabies', 'https://i.scdn.co/image/ab6761610000f17871c372e417291a204034b7f5', '1IoH5ykVwG4K5c98iAhQYk'),
        ('0194066f-38e7-49c1-8e52-f073b65cd3b9', '2024-12-27 13:45:39.975', '2024-12-27 13:45:39.975', false, 'Oneohtrix Point Never', 'https://i.scdn.co/image/ab6761610000f178f15e61d103deb9077b2c9ed8', '2wPDbhaGXCqROrVmwDdCrK'),
        ('0194066f-38e7-49c1-8e52-f073b65cd3ba', '2024-12-27 13:45:39.980', '2024-12-27 13:45:39.980', false, 'Coco & Clair Clair', 'https://i.scdn.co/image/ab6761610000f178db2df0ce712ac186b45302de', '5FkMS3KgG0cjiRm250NFTJ'),
        ('0194066f-38e7-49c1-8e52-f073b65cd3bb', '2024-12-27 13:45:39.984', '2024-12-27 13:45:39.984', false, 'Cookiee Kawaii', 'https://i.scdn.co/image/ab6761610000f17879f9d24d0a87ca99f3a40cb1', '0DbBBj0ScPumRqKXswGQH1'),
        ('0194066f-38e7-49c1-8e52-f073b65cd3bc', '2024-12-27 13:45:39.987', '2024-12-27 13:45:39.987', false, 'King Krule', 'https://i.scdn.co/image/ab6761610000f178a15b75a2ee429509f547c3af', '4wyNyxs74Ux8UIDopNjIai'),
        ('0194066f-38e7-49c1-8e52-f073b65cd3bd', '2024-12-27 13:45:39.991', '2024-12-27 13:45:39.991', false, 'Kendrick Lamar', 'https://i.scdn.co/image/ab6761610000f17839ba6dcd4355c03de0b50918', '2YZyLoL8N0Wb9xBt1NhZWg'),
        ('0194066f-38e7-49c1-8e52-f073b65cd3be', '2024-12-27 13:45:39.995', '2024-12-27 13:45:39.995', false, 'OFFICIAL HIGE DANDISM', 'https://i.scdn.co/image/ab6761610000f178f9f7513528a90d1dde6d3aaa', '5Vo1hnCRmCM6M4thZCInCj'),
        ('0194066f-38e7-49c1-8e52-f073b65cd3bf', '2024-12-27 13:45:39.998', '2024-12-27 13:45:39.998', false, 'Vaundy', 'https://i.scdn.co/image/ab6761610000f178b6e409f6c3d8b08a2f52072e', '2IUl3m1H1EQ7QfNbNWvgru'),
        ('0194066f-38e7-49c1-8e52-f073b65cd3c0', '2024-12-27 13:45:40.001', '2024-12-27 13:45:40.001', false, 'natori', 'https://i.scdn.co/image/ab6761610000f178c9ee6593ec80e073c20eccc8', '6WmXWHmfBMhupyIs8MSqtu'),
        ('01940673-5378-ec87-bc4b-8ad2dc56649d', '2024-12-27 13:50:08.896', '2024-12-27 13:50:08.896', false, 'Ado', 'https://i.scdn.co/image/ab6761610000f178f3bb04995cb61f04936424ee', '6mEQK9m2krja6X1cfsAjfl'),
        ('01940673-5378-ec87-bc4b-8ad2dc56649e', '2024-12-27 13:50:08.904', '2024-12-27 13:50:08.904', false, '和ぬか', 'https://i.scdn.co/image/ab6761610000f178d59b5a720f5b412f55739e6e', '6LesPuO1nhgJ2acJ4MjyBI'),
        ('01940673-5378-ec87-bc4b-8ad2dc56649f', '2024-12-27 13:50:08.914', '2024-12-27 13:50:08.914', false, 'Kenshi Yonezu', 'https://i.scdn.co/image/ab6761610000f178d7ca899f6e53b54976a8594b', '1snhtMLeb2DYoMOcVbb8iB'),
        ('01940673-5378-ec87-bc4b-8ad2dc5664a0', '2024-12-27 13:50:08.923', '2024-12-27 13:50:08.923', false, 'imase', 'https://i.scdn.co/image/ab6761610000f1783d2c025c71d75a0ba89718ed', '4TaSvnT5o4REFwhqfrmK27'),
        ('01940673-5378-ec87-bc4b-8ad2dc5664a1', '2024-12-27 13:50:08.930', '2024-12-27 13:50:08.930', false, 'LiSA', 'https://i.scdn.co/image/ab6761610000f178774ac8933df7e2c8060fd1a2', '0blbVefuxOGltDBa00dspv'),
        ('01940673-5378-ec87-bc4b-8ad2dc5664a2', '2024-12-27 13:50:08.940', '2024-12-27 13:50:08.940', false, 'Aimyon', 'https://i.scdn.co/image/ab6761610000f17893db4a195c102e95153eb2e5', '5kVZa4lFUmAQlBogl1fkd6'),
        ('01940673-5378-ec87-bc4b-8ad2dc5664a3', '2024-12-27 13:50:08.948', '2024-12-27 13:50:08.948', false, 'Aimer', 'https://i.scdn.co/image/ab6761610000f17823241889efb57a4ce8338932', '0bAsR2unSRpn6BQPEnNlZm'),
        ('01940673-5378-ec87-bc4b-8ad2dc5664a4', '2024-12-27 13:50:08.955', '2024-12-27 13:50:08.955', false, 'Hitsujibungaku', 'https://i.scdn.co/image/ab6761610000f178806f60f7470716001f6f3476', '6S8w5rLsEwjN21jQeRES0n'),
        ('01940673-5378-ec87-bc4b-8ad2dc5664a5', '2024-12-27 13:50:08.963', '2024-12-27 13:50:08.963', false, 'MILLENNIUM PARADE', 'https://i.scdn.co/image/ab6761610000f17880994fd6eaf7b942befe9100', '0GZ65zwBwkkwGNJ3zagtTZ'),
        ('01940673-5378-ec87-bc4b-8ad2dc5664a6', '2024-12-27 13:50:08.971', '2024-12-27 13:50:08.971', false, 'yama', 'https://i.scdn.co/image/ab6761610000f17825feb1ba3ec364ce810351a6', '7kOrrFIBIBc8uCu2zbxbLv'),
        ('01940677-33ea-6cad-0439-53c4bba801e1', '2024-12-27 13:54:22.964', '2024-12-27 13:54:22.964', false, 'RADWIMPS', 'https://i.scdn.co/image/ab6761610000f178c9d443fb5ced1dd32d106632', '1EowJ1WwkMzkCkRomFhui7'),
        ('01940677-33ea-6cad-0439-53c4bba801e2', '2024-12-27 13:54:22.979', '2024-12-27 13:54:22.979', false, 'ヨルシカ', 'https://i.scdn.co/image/ab6761610000f178e62cff9c6018ae5616b01eab', '4UK2Lzi6fBfUi9rpDt6cik'),
        ('01940677-33ea-6cad-0439-53c4bba801e3', '2024-12-27 13:54:22.986', '2024-12-27 13:54:22.986', false, 'Mrs. GREEN APPLE', 'https://i.scdn.co/image/ab6761610000f178968120b0312a7893ec391560', '4QvgGvpgzgyUOo8Yp8LDm9'),
        ('01940677-33ea-6cad-0439-53c4bba801e4', '2024-12-27 13:54:22.991', '2024-12-27 13:54:22.991', false, 'Billie Eilish', 'https://i.scdn.co/image/ab6761610000f1784a21b4760d2ecb7b0dcdc8da', '6qqNVTkY8uBg9cP3Jd7DAH'),
        ('01940677-33ea-6cad-0439-53c4bba801e5', '2024-12-27 13:54:22.996', '2024-12-27 13:54:22.996', false, 'Michael Bolton', 'https://i.scdn.co/image/ab6761610000f178621cbb757dcbf609042f98d8', '6YHEMoNPbcheiWS2haGzkn'),
        ('01940677-33ea-6cad-0439-53c4bba801e6', '2024-12-27 13:54:23.001', '2024-12-27 13:54:23.001', false, 'Dua Lipa', 'https://i.scdn.co/image/ab6761610000f1780c68f6c95232e716f0abee8d', '6M2wZ9GZgrQXHCFfjv46we'),
        ('01940677-33ea-6cad-0439-53c4bba801e7', '2024-12-27 13:54:23.005', '2024-12-27 13:54:23.005', false, 'Red Hot Chili Peppers', 'https://i.scdn.co/image/ab6761610000f178c33cc15260b767ddec982ce8', '0L8ExT028jH3ddEcZwqJJ5'),
        ('01940677-33ea-6cad-0439-53c4bba801e8', '2024-12-27 13:54:23.009', '2024-12-27 13:54:23.009', false, 'Adele', 'https://i.scdn.co/image/ab6761610000f17868f6e5892075d7f22615bd17', '4dpARuHxo51G3z768sgnrY'),
        ('01940677-33ea-6cad-0439-53c4bba801e9', '2024-12-27 13:54:23.012', '2024-12-27 13:54:23.012', false, 'Ed Sheeran', 'https://i.scdn.co/image/ab6761610000f178784daff754ecfe0464ddbeb9', '6eUKZXaKkcviH0Ku9w2n3V'),
        ('0194067a-5edd-29ac-3be9-fa981e6e7d73', '2024-12-27 13:57:50.564', '2024-12-27 13:57:50.564', false, 'Lady Gaga', 'https://i.scdn.co/image/ab6761610000f1784b09cd0839c6129c29d22f79', '1HY2Jd0NmPuamShAr6KMms'),
        ('0194067a-5edd-29ac-3be9-fa981e6e7d74', '2024-12-27 13:57:50.573', '2024-12-27 13:57:50.573', false, 'Def Leppard', 'https://i.scdn.co/image/ab6761610000f178695e45d9945ce1f8e5fa5c54', '6H1RjVyNruCmrBEWRbD0VZ'),
        ('0194067a-5edd-29ac-3be9-fa981e6e7d75', '2024-12-27 13:57:50.584', '2024-12-27 13:57:50.584', false, 'AC/DC', 'https://i.scdn.co/image/ab6761610000f178c4c77549095c86acb4e77b37', '711MCceyCBcFnzjGY4Q7Un'),
        ('0194067a-5edd-29ac-3be9-fa981e6e7d76', '2024-12-27 13:57:50.599', '2024-12-27 13:57:50.599', false, 'yonige', 'https://i.scdn.co/image/ab6761610000f178dc716ed6bf4ad4a54900675b', '6uovEmc6Z1C1aUvvdKACXQ'),
        ('0194067a-5edd-29ac-3be9-fa981e6e7d77', '2024-12-27 13:57:50.605', '2024-12-27 13:57:50.605', false, 'Ryokuoushoku Shakai', 'https://i.scdn.co/image/ab6761610000f178138c7129876e9cde33775ca3', '4SJ7qRgJYNXB9Yttzs4aSa'),
        ('0194067a-5edd-29ac-3be9-fa981e6e7d78', '2024-12-27 13:57:50.610', '2024-12-27 13:57:50.610', false, 'Stevie Wonder', 'https://i.scdn.co/image/05489744160e3f6f94f707fa1e2a6d4bbd14a298', '7guDJrEfX3qb6FEbdPA5qi'),
        ('0194067a-5edd-29ac-3be9-fa981e6e7d79', '2024-12-27 13:57:50.617', '2024-12-27 13:57:50.617', false, 'Gen Hoshino', 'https://i.scdn.co/image/ab6761610000f1788819973f384833af0440acaf', '1S2S00lgLYLGHWA44qGEUs'),
        ('0194067a-5edd-29ac-3be9-fa981e6e7d7a', '2024-12-27 13:57:50.621', '2024-12-27 13:57:50.621', false, 'Creepy Nuts', 'https://i.scdn.co/image/ab6761610000f17871c03bb9c1fe71f40a5fe1dc', '0pWR7TsFhvSCnbmHDjWgrE'),
        ('0194067a-5edd-29ac-3be9-fa981e6e7d7b', '2024-12-27 13:57:50.626', '2024-12-27 13:57:50.626', false, 'Miley Cyrus', 'https://i.scdn.co/image/ab6761610000f178b4ba86c361191d48cbeb4b32', '5YGY8feqx7naU7z4HrwZM6'),
        ('0194067a-5edd-29ac-3be9-fa981e6e7d7c', '2024-12-27 13:57:50.630', '2024-12-27 13:57:50.630', false, 'Vacations', 'https://i.scdn.co/image/ab6761610000f178080c868c83bba9ba37f13639', '0U7iI0Dk4Ojvi17nZboNO4'),
        ('0194067a-5edd-29ac-3be9-fa981e6e7d7d', '2024-12-27 13:57:50.633', '2024-12-27 13:57:50.633', false, 'sakanaction', 'https://i.scdn.co/image/ab6761610000f178efe235e9a719afd17099c068', '0hCWVMGGQnRVfDgmhwLIxq');
insert into public.artist_genre (id, created_at, updated_at, is_deleted, artist_id, genre_id)
values  ('01937cf1-1e0b-4699-6547-8703a41de62c', '2024-11-30 20:59:56.940', '2024-11-30 20:59:56.940', false, '01937cf1-1ddf-9bea-0437-6e1238cf5809', '017f20d0-4f3c-8f4d-9e15-7ff0c3a876d3'),
        ('01937cf1-1e10-293a-13e6-e05201a98ea5', '2024-11-30 20:59:56.944', '2024-11-30 20:59:56.944', false, '01937cf1-1ddf-9bea-0437-6e1238cf580a', '017f20d0-4f3c-8f4d-9e15-7ff0c3a876d3'),
        ('01937cf1-1e12-8f40-b8fc-f4570b8f5286', '2024-11-30 20:59:56.946', '2024-11-30 20:59:56.946', false, '01937cf1-1ddf-9bea-0437-6e1238cf580b', '017f20d0-4f3c-8f4d-9e15-7ff0c3a876d3'),
        ('01937cf1-1e14-c232-2f90-387646abc31d', '2024-11-30 20:59:56.949', '2024-11-30 20:59:56.949', false, '01937cf1-1ddf-9bea-0437-6e1238cf580c', '017f20d0-4f3c-8f4d-9e15-7ff0c3a876d7'),
        ('01937cf1-1e16-2661-e3c6-69d00f16dc88', '2024-11-30 20:59:56.951', '2024-11-30 20:59:56.951', false, '01937cf1-1ddf-9bea-0437-6e1238cf580d', '017f20d0-4f3c-8f4d-9e15-7ff0c3a876d3'),
        ('01940660-40f9-5452-790d-b6d8457f5d64', '2024-12-27 13:29:18.970', '2024-12-27 13:29:18.970', false, '01940660-40db-689b-8b47-a6e706d394ad', '017f20d0-4f3c-8f4d-9e15-7ff0c3a876d5'),
        ('01940660-4104-7309-81ed-3ffc8fa83eb2', '2024-12-27 13:29:18.980', '2024-12-27 13:29:18.980', false, '01940660-40db-689b-8b47-a6e706d394ae', '017f20d0-4f3c-8f4d-9e15-7ff0c3a876d5'),
        ('01940660-410a-540c-c860-f06bdb2c3823', '2024-12-27 13:29:18.987', '2024-12-27 13:29:18.987', false, '01940660-40db-689b-8b47-a6e706d394af', '017f20d0-4f3c-8f4d-9e15-7ff0c3a876d5'),
        ('01940660-4113-dc81-dc66-ba050ae32435', '2024-12-27 13:29:18.996', '2024-12-27 13:29:18.996', false, '01940660-40db-689b-8b47-a6e706d394b0', '017f20d0-4f3c-8f4d-9e15-7ff0c3a876d5'),
        ('01940660-4122-aa2c-5727-6591ba4fccdc', '2024-12-27 13:29:19.010', '2024-12-27 13:29:19.010', false, '01940660-40db-689b-8b47-a6e706d394b1', '017f20d0-4f3c-8f4d-9e15-7ff0c3a876d3'),
        ('01940660-4128-9d67-9bab-6bb99932b892', '2024-12-27 13:29:19.017', '2024-12-27 13:29:19.017', false, '01940660-40db-689b-8b47-a6e706d394b2', '017f20d0-4f3c-8f4d-9e15-7ff0c3a876d3'),
        ('01940660-412c-ee30-d13c-bfa10a882397', '2024-12-27 13:29:19.020', '2024-12-27 13:29:19.020', false, '01940660-40db-689b-8b47-a6e706d394b3', '017f20d0-4f3c-8f4d-9e15-7ff0c3a876d5'),
        ('01940660-4130-12c3-ddc4-0722cfa7eb1b', '2024-12-27 13:29:19.025', '2024-12-27 13:29:19.025', false, '01940660-40db-689b-8b47-a6e706d394b4', '017f20d0-4f3c-8f4d-9e15-7ff0c3a876d5'),
        ('01940660-4134-8d77-6a19-5d9ab34480c6', '2024-12-27 13:29:19.028', '2024-12-27 13:29:19.028', false, '01940660-40db-689b-8b47-a6e706d394b5', '017f20d0-4f3c-8f4d-9e15-7ff0c3a876d5'),
        ('01940660-4138-2cfa-6967-21c4b56d8fc2', '2024-12-27 13:29:19.032', '2024-12-27 13:29:19.032', false, '01940660-40db-689b-8b47-a6e706d394b6', '017f20d0-4f3c-8f4d-9e15-7ff0c3a876d6'),
        ('01940663-c2cc-0957-abae-552218bd1748', '2024-12-27 13:33:08.813', '2024-12-27 13:33:08.813', false, '01940663-c2c3-528d-6e05-674786a9cfb7', '017f20d0-4f3c-8f4d-9e15-7ff0c3a876d7'),
        ('01940663-c2dd-2775-2c84-802a572d5800', '2024-12-27 13:33:08.829', '2024-12-27 13:33:08.829', false, '01940663-c2c3-528d-6e05-674786a9cfb8', '017f20d0-4f3c-8f4d-9e15-7ff0c3a876d1'),
        ('01940663-c2e3-df7a-22e0-408f070ff67f', '2024-12-27 13:33:08.835', '2024-12-27 13:33:08.835', false, '01940663-c2c3-528d-6e05-674786a9cfb9', '017f20d0-4f3c-8f4d-9e15-7ff0c3a876d5'),
        ('01940663-c2ea-189a-5e64-49e75f335937', '2024-12-27 13:33:08.843', '2024-12-27 13:33:08.843', false, '01940663-c2c3-528d-6e05-674786a9cfba', '017f20d0-4f3c-8f4d-9e15-7ff0c3a876d1'),
        ('01940663-c2f1-198e-9155-333c6712a7ea', '2024-12-27 13:33:08.849', '2024-12-27 13:33:08.849', false, '01940663-c2c3-528d-6e05-674786a9cfbb', '017f20d0-4f3c-8f4d-9e15-7ff0c3a876d3'),
        ('01940663-c2f6-5a61-6320-ecfc5247b6d6', '2024-12-27 13:33:08.855', '2024-12-27 13:33:08.855', false, '01940663-c2c3-528d-6e05-674786a9cfbc', '017f20d0-4f3c-8f4d-9e15-7ff0c3a876d3'),
        ('01940663-c2fb-d686-3a8b-19d169863a39', '2024-12-27 13:33:08.860', '2024-12-27 13:33:08.860', false, '01940663-c2c3-528d-6e05-674786a9cfbd', '017f20d0-4f3c-8f4d-9e15-7ff0c3a876d5'),
        ('01940663-c303-e86f-1187-e31ce4ea093c', '2024-12-27 13:33:08.867', '2024-12-27 13:33:08.867', false, '01940663-c2c3-528d-6e05-674786a9cfbe', '017f20d0-4f3c-8f4d-9e15-7ff0c3a876d3'),
        ('01940663-c308-6bee-c972-8c34d9be62b9', '2024-12-27 13:33:08.873', '2024-12-27 13:33:08.873', false, '01940663-c2c3-528d-6e05-674786a9cfbf', '017f20d0-4f3c-8f4d-9e15-7ff0c3a876d1'),
        ('01940663-c30c-db12-63e4-a93b4e4f1a5e', '2024-12-27 13:33:08.877', '2024-12-27 13:33:08.877', false, '01940663-c2c3-528d-6e05-674786a9cfc0', '017f20d0-4f3c-8f4d-9e15-7ff0c3a876d5'),
        ('01940668-aedf-79ee-bd90-7f187a9f8c3b', '2024-12-27 13:38:31.392', '2024-12-27 13:38:31.392', false, '01940668-aed7-a313-feb9-4d47a6d1aa2a', '017f20d0-4f3c-8f4d-9e15-7ff0c3a876d3'),
        ('01940668-aeec-3700-6882-b0ba21c5210a', '2024-12-27 13:38:31.404', '2024-12-27 13:38:31.404', false, '01940668-aed7-a313-feb9-4d47a6d1aa2b', '017f20d0-4f3c-8f4d-9e15-7ff0c3a876d5'),
        ('01940668-aef4-fd36-8752-ce985e3aa368', '2024-12-27 13:38:31.412', '2024-12-27 13:38:31.412', false, '01940668-aed7-a313-feb9-4d47a6d1aa2c', '017f20d0-4f3c-8f4d-9e15-7ff0c3a876d5'),
        ('01940668-aefb-a9d4-65bb-c61ba98075d6', '2024-12-27 13:38:31.420', '2024-12-27 13:38:31.420', false, '01940668-aed7-a313-feb9-4d47a6d1aa2d', '017f20d0-4f3c-8f4d-9e15-7ff0c3a876d5'),
        ('01940668-af03-21c2-d274-bffe82fa1a36', '2024-12-27 13:38:31.427', '2024-12-27 13:38:31.427', false, '01940668-aed7-a313-feb9-4d47a6d1aa2e', '017f20d0-4f3c-8f4d-9e15-7ff0c3a876d1'),
        ('01940668-af0b-6691-7f87-1b085e91a0c8', '2024-12-27 13:38:31.435', '2024-12-27 13:38:31.435', false, '01940668-aed7-a313-feb9-4d47a6d1aa2f', '017f20d0-4f3c-8f4d-9e15-7ff0c3a876d1'),
        ('01940668-af11-c335-fe70-0b1f22af3952', '2024-12-27 13:38:31.442', '2024-12-27 13:38:31.442', false, '01940668-aed7-a313-feb9-4d47a6d1aa30', '017f20d0-4f3c-8f4d-9e15-7ff0c3a876d5'),
        ('01940668-af16-ea9b-3e62-e6b3b7daac23', '2024-12-27 13:38:31.446', '2024-12-27 13:38:31.446', false, '01940668-aed7-a313-feb9-4d47a6d1aa31', '017f20d0-4f3c-8f4d-9e15-7ff0c3a876d5'),
        ('01940668-af1a-7a24-3b68-f6f86abed997', '2024-12-27 13:38:31.451', '2024-12-27 13:38:31.451', false, '01940668-aed7-a313-feb9-4d47a6d1aa32', '017f20d0-4f3c-8f4d-9e15-7ff0c3a876d7'),
        ('01940668-af20-90a9-6986-8010a479b080', '2024-12-27 13:38:31.457', '2024-12-27 13:38:31.457', false, '01940668-aed7-a313-feb9-4d47a6d1aa33', '017f20d0-4f3c-8f4d-9e15-7ff0c3a876d5'),
        ('0194066b-dfb5-537d-71d5-1d3d3e8d7577', '2024-12-27 13:42:00.502', '2024-12-27 13:42:00.502', false, '0194066b-dfad-5cf5-b0bd-696a7f5d5292', '017f20d0-4f3c-8f4d-9e15-7ff0c3a876d5'),
        ('0194066b-dfbe-63e0-95f5-60dcdfb2cc5e', '2024-12-27 13:42:00.510', '2024-12-27 13:42:00.510', false, '0194066b-dfad-5cf5-b0bd-696a7f5d5293', '017f20d0-4f3c-8f4d-9e15-7ff0c3a876d3'),
        ('0194066b-dfc7-84d9-53f3-82a237681757', '2024-12-27 13:42:00.520', '2024-12-27 13:42:00.520', false, '0194066b-dfad-5cf5-b0bd-696a7f5d5294', '017f20d0-4f3c-8f4d-9e15-7ff0c3a876d5'),
        ('0194066b-dfd1-6531-2fd2-34ccd20ea1dd', '2024-12-27 13:42:00.529', '2024-12-27 13:42:00.529', false, '0194066b-dfad-5cf5-b0bd-696a7f5d5295', '017f20d0-4f3c-8f4d-9e15-7ff0c3a876d7'),
        ('0194066b-dfd7-6b43-db5d-c04318123c12', '2024-12-27 13:42:00.535', '2024-12-27 13:42:00.535', false, '0194066b-dfad-5cf5-b0bd-696a7f5d5296', '017f20d0-4f3c-8f4d-9e15-7ff0c3a876d5'),
        ('0194066b-dfdb-7c63-ee78-3091b55495c6', '2024-12-27 13:42:00.540', '2024-12-27 13:42:00.540', false, '0194066b-dfad-5cf5-b0bd-696a7f5d5297', '017f20d0-4f3c-8f4d-9e15-7ff0c3a876d5'),
        ('0194066b-dfe4-795b-612f-69f8603e84de', '2024-12-27 13:42:00.548', '2024-12-27 13:42:00.548', false, '0194066b-dfad-5cf5-b0bd-696a7f5d5298', '017f20d0-4f3c-8f4d-9e15-7ff0c3a876d1'),
        ('0194066b-dfe8-231d-c705-80ca4450aac3', '2024-12-27 13:42:00.552', '2024-12-27 13:42:00.552', false, '0194066b-dfae-01dd-baad-f7e7ef902f33', '017f20d0-4f3c-8f4d-9e15-7ff0c3a876d3'),
        ('0194066b-dfed-1baf-5665-65dfa144f50d', '2024-12-27 13:42:00.558', '2024-12-27 13:42:00.558', false, '0194066b-dfae-01dd-baad-f7e7ef902f34', '017f20d0-4f3c-8f4d-9e15-7ff0c3a876d1'),
        ('0194066b-dff1-0cda-bd37-a07b49e864fe', '2024-12-27 13:42:00.561', '2024-12-27 13:42:00.561', false, '0194066b-dfae-01dd-baad-f7e7ef902f35', '017f20d0-4f3c-8f4d-9e15-7ff0c3a876d1'),
        ('0194066f-38ed-98b0-ed23-1fbb6cea4ebf', '2024-12-27 13:45:39.950', '2024-12-27 13:45:39.950', false, '0194066f-38e7-49c1-8e52-f073b65cd3b7', '017f20d0-4f3c-8f4d-9e15-7ff0c3a876d5'),
        ('0194066f-3901-5653-5423-aa2af7f79573', '2024-12-27 13:45:39.970', '2024-12-27 13:45:39.970', false, '0194066f-38e7-49c1-8e52-f073b65cd3b8', '017f20d0-4f3c-8f4d-9e15-7ff0c3a876d5'),
        ('0194066f-3907-0e7d-58c2-9ae439f73782', '2024-12-27 13:45:39.976', '2024-12-27 13:45:39.976', false, '0194066f-38e7-49c1-8e52-f073b65cd3b9', '017f20d0-4f3c-8f4d-9e15-7ff0c3a876d5'),
        ('0194066f-390b-35d0-f8f1-46a227951074', '2024-12-27 13:45:39.980', '2024-12-27 13:45:39.980', false, '0194066f-38e7-49c1-8e52-f073b65cd3ba', '017f20d0-4f3c-8f4d-9e15-7ff0c3a876d5'),
        ('0194066f-3910-787e-10c8-7da134dcb989', '2024-12-27 13:45:39.984', '2024-12-27 13:45:39.984', false, '0194066f-38e7-49c1-8e52-f073b65cd3bb', '017f20d0-4f3c-8f4d-9e15-7ff0c3a876d1'),
        ('0194066f-3913-2ff7-baa8-9138dea45c3c', '2024-12-27 13:45:39.987', '2024-12-27 13:45:39.987', false, '0194066f-38e7-49c1-8e52-f073b65cd3bc', '017f20d0-4f3c-8f4d-9e15-7ff0c3a876d1'),
        ('0194066f-3916-e85d-1dde-ba7bcafb961a', '2024-12-27 13:45:39.991', '2024-12-27 13:45:39.991', false, '0194066f-38e7-49c1-8e52-f073b65cd3bd', '017f20d0-4f3c-8f4d-9e15-7ff0c3a876d5'),
        ('0194066f-391a-830e-a087-6cbec7d691a4', '2024-12-27 13:45:39.995', '2024-12-27 13:45:39.995', false, '0194066f-38e7-49c1-8e52-f073b65cd3be', '017f20d0-4f3c-8f4d-9e15-7ff0c3a876d5'),
        ('0194066f-391e-3745-de09-dd0ed8c94a68', '2024-12-27 13:45:39.998', '2024-12-27 13:45:39.998', false, '0194066f-38e7-49c1-8e52-f073b65cd3bf', '017f20d0-4f3c-8f4d-9e15-7ff0c3a876d5'),
        ('0194066f-3921-a751-05ba-cde081f75bb1', '2024-12-27 13:45:40.001', '2024-12-27 13:45:40.001', false, '0194066f-38e7-49c1-8e52-f073b65cd3c0', '017f20d0-4f3c-8f4d-9e15-7ff0c3a876d5'),
        ('01940673-537f-78e7-eb16-89d062569c09', '2024-12-27 13:50:08.896', '2024-12-27 13:50:08.896', false, '01940673-5378-ec87-bc4b-8ad2dc56649d', '017f20d0-4f3c-8f4d-9e15-7ff0c3a876d5'),
        ('01940673-5388-32d5-85fd-644422d78625', '2024-12-27 13:50:08.904', '2024-12-27 13:50:08.904', false, '01940673-5378-ec87-bc4b-8ad2dc56649e', '017f20d0-4f3c-8f4d-9e15-7ff0c3a876d5'),
        ('01940673-5392-6a80-5b36-6e1f1f28876d', '2024-12-27 13:50:08.915', '2024-12-27 13:50:08.915', false, '01940673-5378-ec87-bc4b-8ad2dc56649f', '017f20d0-4f3c-8f4d-9e15-7ff0c3a876d5'),
        ('01940673-539b-f49f-cbcf-cde8bd0e778b', '2024-12-27 13:50:08.923', '2024-12-27 13:50:08.923', false, '01940673-5378-ec87-bc4b-8ad2dc5664a0', '017f20d0-4f3c-8f4d-9e15-7ff0c3a876d5'),
        ('01940673-53a2-7ff7-1d03-d381684900a2', '2024-12-27 13:50:08.930', '2024-12-27 13:50:08.930', false, '01940673-5378-ec87-bc4b-8ad2dc5664a1', '017f20d0-4f3c-8f4d-9e15-7ff0c3a876d5'),
        ('01940673-53ab-7f3c-f9dd-3bd9eef6c188', '2024-12-27 13:50:08.940', '2024-12-27 13:50:08.940', false, '01940673-5378-ec87-bc4b-8ad2dc5664a2', '017f20d0-4f3c-8f4d-9e15-7ff0c3a876d5'),
        ('01940673-53b4-9d5d-35ad-ec7a90d00bc0', '2024-12-27 13:50:08.949', '2024-12-27 13:50:08.949', false, '01940673-5378-ec87-bc4b-8ad2dc5664a3', '017f20d0-4f3c-8f4d-9e15-7ff0c3a876d5'),
        ('01940673-53bb-f628-aafc-27869036dcdd', '2024-12-27 13:50:08.955', '2024-12-27 13:50:08.955', false, '01940673-5378-ec87-bc4b-8ad2dc5664a4', '017f20d0-4f3c-8f4d-9e15-7ff0c3a876d5'),
        ('01940673-53c2-1bc2-8672-e079a9a94fd1', '2024-12-27 13:50:08.963', '2024-12-27 13:50:08.963', false, '01940673-5378-ec87-bc4b-8ad2dc5664a5', '017f20d0-4f3c-8f4d-9e15-7ff0c3a876d7'),
        ('01940673-53cb-89d6-6423-7845c2e0d3b5', '2024-12-27 13:50:08.971', '2024-12-27 13:50:08.971', false, '01940673-5378-ec87-bc4b-8ad2dc5664a6', '017f20d0-4f3c-8f4d-9e15-7ff0c3a876d5'),
        ('01940677-33f4-ae35-2532-198c23121fef', '2024-12-27 13:54:22.965', '2024-12-27 13:54:22.965', false, '01940677-33ea-6cad-0439-53c4bba801e1', '017f20d0-4f3c-8f4d-9e15-7ff0c3a876d5'),
        ('01940677-3403-5908-3036-28ed0b7cad42', '2024-12-27 13:54:22.980', '2024-12-27 13:54:22.980', false, '01940677-33ea-6cad-0439-53c4bba801e2', '017f20d0-4f3c-8f4d-9e15-7ff0c3a876d5'),
        ('01940677-3409-a4f7-d2f7-9e7c95e6db08', '2024-12-27 13:54:22.986', '2024-12-27 13:54:22.986', false, '01940677-33ea-6cad-0439-53c4bba801e3', '017f20d0-4f3c-8f4d-9e15-7ff0c3a876d1'),
        ('01940677-340e-20cd-3f97-7ac01d79b5ad', '2024-12-27 13:54:22.991', '2024-12-27 13:54:22.991', false, '01940677-33ea-6cad-0439-53c4bba801e4', '017f20d0-4f3c-8f4d-9e15-7ff0c3a876d5'),
        ('01940677-3413-d2ce-80df-10661f8e6c4a', '2024-12-27 13:54:22.996', '2024-12-27 13:54:22.996', false, '01940677-33ea-6cad-0439-53c4bba801e5', '017f20d0-4f3c-8f4d-9e15-7ff0c3a876d1'),
        ('01940677-3419-463a-d851-6548d631165b', '2024-12-27 13:54:23.002', '2024-12-27 13:54:23.002', false, '01940677-33ea-6cad-0439-53c4bba801e6', '017f20d0-4f3c-8f4d-9e15-7ff0c3a876d7'),
        ('01940677-341d-4dc4-8857-d64d2b71ab09', '2024-12-27 13:54:23.005', '2024-12-27 13:54:23.005', false, '01940677-33ea-6cad-0439-53c4bba801e7', '017f20d0-4f3c-8f4d-9e15-7ff0c3a876d1'),
        ('01940677-3420-01b5-6a42-52b395721e7d', '2024-12-27 13:54:23.009', '2024-12-27 13:54:23.009', false, '01940677-33ea-6cad-0439-53c4bba801e8', '017f20d0-4f3c-8f4d-9e15-7ff0c3a876d1'),
        ('01940677-3423-3252-84d2-6b314c63fb4f', '2024-12-27 13:54:23.012', '2024-12-27 13:54:23.012', false, '01940677-33ea-6cad-0439-53c4bba801e9', '017f20d0-4f3c-8f4d-9e15-7ff0c3a876d3'),
        ('0194067a-5ee4-ec08-8ed9-5a4501b64dc9', '2024-12-27 13:57:50.564', '2024-12-27 13:57:50.564', false, '0194067a-5edd-29ac-3be9-fa981e6e7d73', '017f20d0-4f3c-8f4d-9e15-7ff0c3a876d5'),
        ('0194067a-5eed-32f5-cc59-00b1b0071f47', '2024-12-27 13:57:50.574', '2024-12-27 13:57:50.574', false, '0194067a-5edd-29ac-3be9-fa981e6e7d74', '017f20d0-4f3c-8f4d-9e15-7ff0c3a876d1'),
        ('0194067a-5ef8-3bee-e01a-6ad933ae79ba', '2024-12-27 13:57:50.585', '2024-12-27 13:57:50.585', false, '0194067a-5edd-29ac-3be9-fa981e6e7d75', '017f20d0-4f3c-8f4d-9e15-7ff0c3a876d1'),
        ('0194067a-5f07-c55a-a785-8002b2faa2d2', '2024-12-27 13:57:50.600', '2024-12-27 13:57:50.600', false, '0194067a-5edd-29ac-3be9-fa981e6e7d76', '017f20d0-4f3c-8f4d-9e15-7ff0c3a876d1'),
        ('0194067a-5f0d-2301-0754-9db063037c17', '2024-12-27 13:57:50.605', '2024-12-27 13:57:50.605', false, '0194067a-5edd-29ac-3be9-fa981e6e7d77', '017f20d0-4f3c-8f4d-9e15-7ff0c3a876d5'),
        ('0194067a-5f12-70f0-e43b-15c94cb0275c', '2024-12-27 13:57:50.611', '2024-12-27 13:57:50.611', false, '0194067a-5edd-29ac-3be9-fa981e6e7d78', '017f20d0-4f3c-8f4d-9e15-7ff0c3a876d9'),
        ('0194067a-5f19-8718-42fa-3197a41039e4', '2024-12-27 13:57:50.617', '2024-12-27 13:57:50.617', false, '0194067a-5edd-29ac-3be9-fa981e6e7d79', '017f20d0-4f3c-8f4d-9e15-7ff0c3a876d5'),
        ('0194067a-5f1c-b5b1-3d27-07aac91e695e', '2024-12-27 13:57:50.621', '2024-12-27 13:57:50.621', false, '0194067a-5edd-29ac-3be9-fa981e6e7d7a', '017f20d0-4f3c-8f4d-9e15-7ff0c3a876d5'),
        ('0194067a-5f22-b574-5666-b1a2174eb456', '2024-12-27 13:57:50.627', '2024-12-27 13:57:50.627', false, '0194067a-5edd-29ac-3be9-fa981e6e7d7b', '017f20d0-4f3c-8f4d-9e15-7ff0c3a876d3'),
        ('0194067a-5f26-d4cf-6db1-0332cabde7a3', '2024-12-27 13:57:50.630', '2024-12-27 13:57:50.630', false, '0194067a-5edd-29ac-3be9-fa981e6e7d7c', '017f20d0-4f3c-8f4d-9e15-7ff0c3a876d3'),
        ('0194067a-5f28-4bd0-cf82-41cca015e781', '2024-12-27 13:57:50.633', '2024-12-27 13:57:50.633', false, '0194067a-5edd-29ac-3be9-fa981e6e7d7d', '017f20d0-4f3c-8f4d-9e15-7ff0c3a876d3');

-- 공연
insert into public.show (id, created_at, updated_at, is_deleted, start_date, end_date, title, content, location, image, last_ticketing_at, view_count, seat_prices, ticketing_sites, version)
values  ('01937cf9-9c48-4ac9-1c57-8aba45fd4a96', '2024-11-30 21:09:13.547', '2024-11-30 21:09:13.547', false, CURRENT_DATE + INTERVAL '10 days', CURRENT_DATE + INTERVAL '10 days', 'Post malone 공연1', '.', '서울 잠실', 'https://showpot.s3.ap-northeast-2.amazonaws.com/show/%E1%84%89%E1%85%B3%E1%84%8F%E1%85%B3%E1%84%85%E1%85%B5%E1%86%AB%E1%84%89%E1%85%A3%E1%86%BA%202024-09-10%20%E1%84%8B%E1%85%A9%E1%84%8C%E1%85%A5%E1%86%AB%2011.33.52_1732968553281.png', NOW() + INTERVAL '5 days', 0, '{"스탠딩 P석": 30000, "스탠딩 S석": 50000}', '{"YES24": "http://ticket.yes24.com/", "인터파크": "https://tickets.interpark.com/goods/24011642"}', 0),
        ('01937cfa-8fb0-9491-7ea7-9ce4e630ce14', '2024-11-30 21:10:15.857', '2024-11-30 21:10:15.857', false, CURRENT_DATE + INTERVAL '10 days', CURRENT_DATE + INTERVAL '10 days', 'Post malone 공연2', '.', '서울 잠실', 'https://showpot.s3.ap-northeast-2.amazonaws.com/show/%E1%84%89%E1%85%B3%E1%84%8F%E1%85%B3%E1%84%85%E1%85%B5%E1%86%AB%E1%84%89%E1%85%A3%E1%86%BA%202024-10-20%20%E1%84%8B%E1%85%A9%E1%84%92%E1%85%AE%201.55.42_1732968615663.png', NOW() + INTERVAL '5 days', 0, '{"스탠딩 P석": 30000, "스탠딩 S석": 50000}', '{"YES24": "http://ticket.yes24.com/", "인터파크": "https://tickets.interpark.com/"}', 0),
        ('01937cfd-0fc4-61b0-1e61-2529b72090d1', '2024-11-30 21:12:59.717', '2024-11-30 21:12:59.717', false, CURRENT_DATE + INTERVAL '10 days', CURRENT_DATE + INTERVAL '10 days', 'Coldplay 공연1', '.', '서울 잠실', 'https://showpot.s3.ap-northeast-2.amazonaws.com/show/%E1%84%89%E1%85%B3%E1%84%8F%E1%85%B3%E1%84%85%E1%85%B5%E1%86%AB%E1%84%89%E1%85%A3%E1%86%BA%202024-11-21%20%E1%84%8B%E1%85%A9%E1%84%92%E1%85%AE%2010.22.46_1732968779518.png', NOW() + INTERVAL '5 days', 0, '{"스탠딩 P석": 29999, "스탠딩 S석": 50000}', '{"YES24": "http://ticket.yes24.com/", "인터파크": "https://tickets.interpark.com/goods/24006288"}', 0),
        ('01937cfe-5b84-3371-3a7e-b42bc7f01e1c', '2024-11-30 21:14:24.645', '2024-11-30 21:14:24.645', false, CURRENT_DATE + INTERVAL '10 days', CURRENT_DATE + INTERVAL '10 days', 'Coldplay 공연2 ', '.', '서울 잠실', 'https://showpot.s3.ap-northeast-2.amazonaws.com/show/%E1%84%89%E1%85%B3%E1%84%8F%E1%85%B3%E1%84%85%E1%85%B5%E1%86%AB%E1%84%89%E1%85%A3%E1%86%BA%202024-11-21%20%E1%84%8B%E1%85%A9%E1%84%92%E1%85%AE%2010.22.46_1732968864483.png', NOW() + INTERVAL '5 days', 0, '{"스탠딩 P석": 33333, "스탠딩 S석": 55555}', '{"YES24": "http://ticket.yes24.com/", "인터파크": "https://tickets.interpark.com/goods/24011642"}', 0),
        ('01937cff-5d76-b7a9-287c-9f3bbabbe0c6', '2024-11-30 21:15:30.679', '2024-11-30 21:15:30.679', false, CURRENT_DATE + INTERVAL '10 days', CURRENT_DATE + INTERVAL '10 days', 'Olivia Rodrigo 공연1', '.', '서울 잠실', 'https://showpot.s3.ap-northeast-2.amazonaws.com/show/%E1%84%89%E1%85%B3%E1%84%8F%E1%85%B3%E1%84%85%E1%85%B5%E1%86%AB%E1%84%89%E1%85%A3%E1%86%BA%202024-09-10%20%E1%84%8B%E1%85%A9%E1%84%8C%E1%85%A5%E1%86%AB%2011.33.52_1732968930507.png', NOW() + INTERVAL '5 days', 0, '{"스탠딩 P석": 33333, "스탠딩 S석": 44444}', '{"YES24": "http://ticket.yes24.com/", "인터파크": "https://tickets.interpark.com/goods/24011642"}', 0),
        ('01937d00-10ea-0792-4d21-e9588ac9344b', '2024-11-30 21:16:16.619', '2024-11-30 21:16:16.619', false, CURRENT_DATE + INTERVAL '10 days', CURRENT_DATE + INTERVAL '10 days', 'Olivia Rodrigo 공연2', '.', '서울 잠실', 'https://showpot.s3.ap-northeast-2.amazonaws.com/show/%E1%84%89%E1%85%B3%E1%84%8F%E1%85%B3%E1%84%85%E1%85%B5%E1%86%AB%E1%84%89%E1%85%A3%E1%86%BA%202024-10-20%20%E1%84%8B%E1%85%A9%E1%84%92%E1%85%AE%201.55.42_1732968976457.png', NOW() + INTERVAL '5 days', 0, '{"스탠딩 P석": 33333, "스탠딩 S석": 44444}', '{"YES24": "http://ticket.yes24.com/", "인터파크": "https://tickets.interpark.com/goods/24007623"}', 0),
        ('01937d01-0358-516e-a16f-fe2e30017cac', '2024-11-30 21:17:18.681', '2024-11-30 21:17:18.681', false, CURRENT_DATE + INTERVAL '10 days', CURRENT_DATE + INTERVAL '10 days', 'Bruno Mars 공연1', '.', '서울 잠실', 'https://showpot.s3.ap-northeast-2.amazonaws.com/show/%E1%84%89%E1%85%B3%E1%84%8F%E1%85%B3%E1%84%85%E1%85%B5%E1%86%AB%E1%84%89%E1%85%A3%E1%86%BA%202024-10-20%20%E1%84%8B%E1%85%A9%E1%84%92%E1%85%AE%201.55.42_1732969038561.png', NOW() + INTERVAL '5 days', 0, '{"스탠딩 P석": 33333, "스탠딩 S석": 55555}', '{"YES24": "http://ticket.yes24.com/", "인터파크": "https://tickets.interpark.com/"}', 0),
        ('01937d01-e4a6-7d9b-dbf1-128cfb018783', '2024-11-30 21:18:16.360', '2024-11-30 21:18:16.360', false, CURRENT_DATE + INTERVAL '10 days', CURRENT_DATE + INTERVAL '10 days', 'Bruno Mars 공연2', '.', '서울 잠실', 'https://showpot.s3.ap-northeast-2.amazonaws.com/show/%E1%84%89%E1%85%B3%E1%84%8F%E1%85%B3%E1%84%85%E1%85%B5%E1%86%AB%E1%84%89%E1%85%A3%E1%86%BA%202024-10-20%20%E1%84%8B%E1%85%A9%E1%84%92%E1%85%AE%201.55.42_1732969096164.png', NOW() + INTERVAL '5 days', 0, '{"스탠딩 P석": 11111, "스탠딩 S석": 22222}', '{"YES24": "http://ticket.yes24.com/", "인터파크": "https://tickets.interpark.com/goods/24011642"}', 0),
        ('01937d02-d452-b277-3ea3-fb71d3887122', '2024-11-30 21:19:17.716', '2024-11-30 21:19:17.716', false, CURRENT_DATE + INTERVAL '10 days', CURRENT_DATE + INTERVAL '10 days', 'AJR 공연1', '.', '서울 잠실', 'https://showpot.s3.ap-northeast-2.amazonaws.com/show/%E1%84%89%E1%85%B3%E1%84%8F%E1%85%B3%E1%84%85%E1%85%B5%E1%86%AB%E1%84%89%E1%85%A3%E1%86%BA%202024-09-10%20%E1%84%8B%E1%85%A9%E1%84%8C%E1%85%A5%E1%86%AB%2011.33.52_1732969156590.png', NOW() + INTERVAL '5 days', 0, '{"스탠딩 P석": 11111, "스탠딩 S석": 22222}', '{"YES24": "http://ticket.yes24.com/", "인터파크": "https://tickets.interpark.com/"}', 0),
        ('01937d05-17e3-3985-b7cf-0241e238c2d0', '2024-11-30 21:21:46.085', '2024-11-30 21:21:46.085', false, CURRENT_DATE + INTERVAL '10 days', CURRENT_DATE + INTERVAL '10 days', 'AJR 공연2', '.', '서울 망포', 'https://showpot.s3.ap-northeast-2.amazonaws.com/show/%E1%84%89%E1%85%B3%E1%84%8F%E1%85%B3%E1%84%85%E1%85%B5%E1%86%AB%E1%84%89%E1%85%A3%E1%86%BA%202024-10-20%20%E1%84%8B%E1%85%A9%E1%84%92%E1%85%AE%201.55.42_1732969305874.png', NOW() + INTERVAL '5 days', 0, '{"스탠딩 P석": 11111, "스탠딩 S석": 22222}', '{"YES24": "http://ticket.yes24.com/", "인터파크": "https://tickets.interpark.com/goods/24011642"}', 0);

insert into public.show_artist (id, created_at, updated_at, is_deleted, artist_id, show_id)
values  ('01937cf9-9c56-0477-c0e4-aaa2fdb4f0e6', '2024-11-30 21:09:13.559', '2024-11-30 21:09:13.559', false, '01937cf1-1ddf-9bea-0437-6e1238cf5809', '01937cf9-9c48-4ac9-1c57-8aba45fd4a96'),
        ('01937cfa-8fb2-39d2-a90b-efe470bae483', '2024-11-30 21:10:15.859', '2024-11-30 21:10:15.859', false, '01937cf1-1ddf-9bea-0437-6e1238cf5809', '01937cfa-8fb0-9491-7ea7-9ce4e630ce14'),
        ('01937cfd-0fc7-75ed-94ed-86a3996fcb08', '2024-11-30 21:12:59.720', '2024-11-30 21:12:59.720', false, '01937cf1-1ddf-9bea-0437-6e1238cf580a', '01937cfd-0fc4-61b0-1e61-2529b72090d1'),
        ('01937cfe-5b87-1677-f4a2-6743a8f20874', '2024-11-30 21:14:24.648', '2024-11-30 21:14:24.648', false, '01937cf1-1ddf-9bea-0437-6e1238cf580a', '01937cfe-5b84-3371-3a7e-b42bc7f01e1c'),
        ('01937cff-5d79-1030-a391-1d4b7124aebb', '2024-11-30 21:15:30.682', '2024-11-30 21:15:30.682', false, '01937cf1-1ddf-9bea-0437-6e1238cf580b', '01937cff-5d76-b7a9-287c-9f3bbabbe0c6'),
        ('01937d00-10ee-4742-e3d4-9b4bf26c5e50', '2024-11-30 21:16:16.622', '2024-11-30 21:16:16.622', false, '01937cf1-1ddf-9bea-0437-6e1238cf580b', '01937d00-10ea-0792-4d21-e9588ac9344b'),
        ('01937d01-0359-00e8-7cd6-a45b108d73d5', '2024-11-30 21:17:18.682', '2024-11-30 21:17:18.682', false, '01937cf1-1ddf-9bea-0437-6e1238cf580c', '01937d01-0358-516e-a16f-fe2e30017cac'),
        ('01937d01-e4a9-f167-7a2f-d722959ef7dd', '2024-11-30 21:18:16.362', '2024-11-30 21:18:16.362', false, '01937cf1-1ddf-9bea-0437-6e1238cf580c', '01937d01-e4a6-7d9b-dbf1-128cfb018783'),
        ('01937d02-d456-d7f4-693f-7cc9ec0eb868', '2024-11-30 21:19:17.719', '2024-11-30 21:19:17.719', false, '01937cf1-1ddf-9bea-0437-6e1238cf580d', '01937d02-d452-b277-3ea3-fb71d3887122'),
        ('01937d05-17e8-ad05-d846-c04d1bd0f793', '2024-11-30 21:21:46.089', '2024-11-30 21:21:46.089', false, '01937cf1-1ddf-9bea-0437-6e1238cf580d', '01937d05-17e3-3985-b7cf-0241e238c2d0');

insert into public.show_genre (id, created_at, updated_at, is_deleted, genre_id, show_id)
values  ('01937cf9-9c57-3424-b25f-053cbc5c30b8', '2024-11-30 21:09:13.560', '2024-11-30 21:09:13.560', false, '017f20d0-4f3c-8f4d-9e15-7ff0c3a876d3', '01937cf9-9c48-4ac9-1c57-8aba45fd4a96'),
        ('01937cfa-8fb2-39d2-a90b-efe470bae484', '2024-11-30 21:10:15.859', '2024-11-30 21:10:15.859', false, '017f20d0-4f3c-8f4d-9e15-7ff0c3a876d3', '01937cfa-8fb0-9491-7ea7-9ce4e630ce14'),
        ('01937cfd-0fc7-75ed-94ed-86a3996fcb09', '2024-11-30 21:12:59.720', '2024-11-30 21:12:59.720', false, '017f20d0-4f3c-8f4d-9e15-7ff0c3a876d3', '01937cfd-0fc4-61b0-1e61-2529b72090d1'),
        ('01937cfe-5b88-be9e-8be0-6e8b79dfa85a', '2024-11-30 21:14:24.648', '2024-11-30 21:14:24.648', false, '017f20d0-4f3c-8f4d-9e15-7ff0c3a876d3', '01937cfe-5b84-3371-3a7e-b42bc7f01e1c'),
        ('01937cff-5d7a-3899-f7b4-dc42a4836475', '2024-11-30 21:15:30.683', '2024-11-30 21:15:30.683', false, '017f20d0-4f3c-8f4d-9e15-7ff0c3a876d3', '01937cff-5d76-b7a9-287c-9f3bbabbe0c6'),
        ('01937d00-10ee-4742-e3d4-9b4bf26c5e51', '2024-11-30 21:16:16.623', '2024-11-30 21:16:16.623', false, '017f20d0-4f3c-8f4d-9e15-7ff0c3a876d3', '01937d00-10ea-0792-4d21-e9588ac9344b'),
        ('01937d01-035a-d41c-1a5c-11a4dec35591', '2024-11-30 21:17:18.682', '2024-11-30 21:17:18.682', false, '017f20d0-4f3c-8f4d-9e15-7ff0c3a876d7', '01937d01-0358-516e-a16f-fe2e30017cac'),
        ('01937d01-e4aa-82f5-04be-5b3dc9004c02', '2024-11-30 21:18:16.362', '2024-11-30 21:18:16.362', false, '017f20d0-4f3c-8f4d-9e15-7ff0c3a876d7', '01937d01-e4a6-7d9b-dbf1-128cfb018783'),
        ('01937d02-d457-ecbf-c3cb-264400e57221', '2024-11-30 21:19:17.719', '2024-11-30 21:19:17.719', false, '017f20d0-4f3c-8f4d-9e15-7ff0c3a876d3', '01937d02-d452-b277-3ea3-fb71d3887122'),
        ('01937d05-17e8-ad05-d846-c04d1bd0f794', '2024-11-30 21:21:46.089', '2024-11-30 21:21:46.089', false, '017f20d0-4f3c-8f4d-9e15-7ff0c3a876d3', '01937d05-17e3-3985-b7cf-0241e238c2d0');

insert into public.show_search (id, created_at, updated_at, is_deleted, show_id, name)
values  ('01937cf9-9c53-9697-e672-1bb866fb7876', '2024-11-30 21:09:13.556', '2024-11-30 21:09:13.556', false, '01937cf9-9c48-4ac9-1c57-8aba45fd4a96', 'postmalone공연1'),
        ('01937cfa-8fb2-39d2-a90b-efe470bae482', '2024-11-30 21:10:15.858', '2024-11-30 21:10:15.858', false, '01937cfa-8fb0-9491-7ea7-9ce4e630ce14', 'postmalone공연2'),
        ('01937cfd-0fc7-75ed-94ed-86a3996fcb07', '2024-11-30 21:12:59.719', '2024-11-30 21:12:59.719', false, '01937cfd-0fc4-61b0-1e61-2529b72090d1', 'coldplay공연1'),
        ('01937cfe-5b87-1677-f4a2-6743a8f20873', '2024-11-30 21:14:24.647', '2024-11-30 21:14:24.647', false, '01937cfe-5b84-3371-3a7e-b42bc7f01e1c', 'coldplay공연2'),
        ('01937cff-5d78-6eea-c760-0a4a97403347', '2024-11-30 21:15:30.682', '2024-11-30 21:15:30.682', false, '01937cff-5d76-b7a9-287c-9f3bbabbe0c6', 'oliviarodrigo공연1'),
        ('01937d00-10ed-8f21-d993-08e03491bd00', '2024-11-30 21:16:16.622', '2024-11-30 21:16:16.622', false, '01937d00-10ea-0792-4d21-e9588ac9344b', 'oliviarodrigo공연2'),
        ('01937d01-0359-00e8-7cd6-a45b108d73d4', '2024-11-30 21:17:18.682', '2024-11-30 21:17:18.682', false, '01937d01-0358-516e-a16f-fe2e30017cac', 'brunomars공연1'),
        ('01937d01-e4a9-f167-7a2f-d722959ef7dc', '2024-11-30 21:18:16.362', '2024-11-30 21:18:16.362', false, '01937d01-e4a6-7d9b-dbf1-128cfb018783', 'brunomars공연2'),
        ('01937d02-d456-d7f4-693f-7cc9ec0eb867', '2024-11-30 21:19:17.719', '2024-11-30 21:19:17.719', false, '01937d02-d452-b277-3ea3-fb71d3887122', 'ajr공연1'),
        ('01937d05-17e7-983e-2f9e-7978ba4897d7', '2024-11-30 21:21:46.088', '2024-11-30 21:21:46.088', false, '01937d05-17e3-3985-b7cf-0241e238c2d0', 'ajr공연2');

insert into public.show_ticketing_time (id, created_at, is_deleted, updated_at, ticketing_at, show_id, type)
values  ('01937cf9-9c59-6ae1-197e-9fe9efc76c73', '2024-11-30 21:09:13.562', false, '2024-11-30 21:09:13.562', NOW() + INTERVAL '5 days', '01937cf9-9c48-4ac9-1c57-8aba45fd4a96', 'NORMAL'),
        ('01937cfa-8fb2-39d2-a90b-efe470bae485', '2024-11-30 21:10:15.859', false, '2024-11-30 21:10:15.859', NOW() + INTERVAL '5 days', '01937cfa-8fb0-9491-7ea7-9ce4e630ce14', 'NORMAL'),
        ('01937cfd-0fc7-75ed-94ed-86a3996fcb0a', '2024-11-30 21:12:59.720', false, '2024-11-30 21:12:59.720', NOW() + INTERVAL '5 days', '01937cfd-0fc4-61b0-1e61-2529b72090d1', 'NORMAL'),
        ('01937cfe-5b88-be9e-8be0-6e8b79dfa85b', '2024-11-30 21:14:24.649', false, '2024-11-30 21:14:24.649', NOW() + INTERVAL '5 days', '01937cfe-5b84-3371-3a7e-b42bc7f01e1c', 'NORMAL'),
        ('01937cff-5d7a-3899-f7b4-dc42a4836476', '2024-11-30 21:15:30.683', false, '2024-11-30 21:15:30.683', NOW() + INTERVAL '5 days', '01937cff-5d76-b7a9-287c-9f3bbabbe0c6', 'NORMAL'),
        ('01937d00-10ee-4742-e3d4-9b4bf26c5e52', '2024-11-30 21:16:16.623', false, '2024-11-30 21:16:16.623', NOW() + INTERVAL '5 days', '01937d00-10ea-0792-4d21-e9588ac9344b', 'NORMAL'),
        ('01937d01-035a-d41c-1a5c-11a4dec35592', '2024-11-30 21:17:18.682', false, '2024-11-30 21:17:18.682', NOW() + INTERVAL '5 days', '01937d01-0358-516e-a16f-fe2e30017cac', 'NORMAL'),
        ('01937d01-e4aa-82f5-04be-5b3dc9004c03', '2024-11-30 21:18:16.362', false, '2024-11-30 21:18:16.362', NOW() + INTERVAL '5 days', '01937d01-e4a6-7d9b-dbf1-128cfb018783', 'NORMAL'),
        ('01937d02-d457-ecbf-c3cb-264400e57222', '2024-11-30 21:19:17.720', false, '2024-11-30 21:19:17.720', NOW() + INTERVAL '5 days', '01937d02-d452-b277-3ea3-fb71d3887122', 'NORMAL'),
        ('01937d05-17e8-ad05-d846-c04d1bd0f795', '2024-11-30 21:21:46.089', false, '2024-11-30 21:21:46.089', NOW() + INTERVAL '5 days', '01937d05-17e3-3985-b7cf-0241e238c2d0', 'NORMAL');